-- MySQL dump 10.13  Distrib 5.1.73, for Win32 (ia32)
--
-- Host: localhost    Database: pegasus
-- ------------------------------------------------------
-- Server version	5.1.73-community

/*!40101 SET @OLD_CHARACTER_SET_CLIENT=@@CHARACTER_SET_CLIENT */;
/*!40101 SET @OLD_CHARACTER_SET_RESULTS=@@CHARACTER_SET_RESULTS */;
/*!40101 SET @OLD_COLLATION_CONNECTION=@@COLLATION_CONNECTION */;
/*!40101 SET NAMES utf8 */;
/*!40103 SET @OLD_TIME_ZONE=@@TIME_ZONE */;
/*!40103 SET TIME_ZONE='+00:00' */;
/*!40014 SET @OLD_UNIQUE_CHECKS=@@UNIQUE_CHECKS, UNIQUE_CHECKS=0 */;
/*!40014 SET @OLD_FOREIGN_KEY_CHECKS=@@FOREIGN_KEY_CHECKS, FOREIGN_KEY_CHECKS=0 */;
/*!40101 SET @OLD_SQL_MODE=@@SQL_MODE, SQL_MODE='NO_AUTO_VALUE_ON_ZERO' */;
/*!40111 SET @OLD_SQL_NOTES=@@SQL_NOTES, SQL_NOTES=0 */;

--
-- Table structure for table `account`
--

DROP TABLE IF EXISTS `account`;
/*!40101 SET @saved_cs_client     = @@character_set_client */;
/*!40101 SET character_set_client = utf8 */;
CREATE TABLE `account` (
  `account_id` int(11) NOT NULL AUTO_INCREMENT,
  `account_name` varchar(45) DEFAULT NULL,
  `account_com` int(11) DEFAULT NULL,
  `account_paperCash` double DEFAULT NULL,
  `account_loan` double DEFAULT NULL,
  `account_noCom` int(11) DEFAULT NULL,
  `account_lessCom` int(11) DEFAULT NULL,
  `account_exp` double DEFAULT NULL,
  PRIMARY KEY (`account_id`)
) ENGINE=InnoDB AUTO_INCREMENT=2 DEFAULT CHARSET=utf8;
/*!40101 SET character_set_client = @saved_cs_client */;

--
-- Dumping data for table `account`
--

LOCK TABLES `account` WRITE;
/*!40000 ALTER TABLE `account` DISABLE KEYS */;
INSERT INTO `account` VALUES (1,'default',0,0,0,0,0,0);
/*!40000 ALTER TABLE `account` ENABLE KEYS */;
UNLOCK TABLES;

--
-- Table structure for table `backup`
--

DROP TABLE IF EXISTS `backup`;
/*!40101 SET @saved_cs_client     = @@character_set_client */;
/*!40101 SET character_set_client = utf8 */;
CREATE TABLE `backup` (
  `backup_id` int(11) NOT NULL AUTO_INCREMENT,
  `backup_date` varchar(50) DEFAULT '0',
  `backup_string` varchar(300) DEFAULT '0',
  PRIMARY KEY (`backup_id`)
) ENGINE=InnoDB DEFAULT CHARSET=utf8;
/*!40101 SET character_set_client = @saved_cs_client */;

--
-- Dumping data for table `backup`
--

LOCK TABLES `backup` WRITE;
/*!40000 ALTER TABLE `backup` DISABLE KEYS */;
/*!40000 ALTER TABLE `backup` ENABLE KEYS */;
UNLOCK TABLES;

--
-- Table structure for table `center`
--

DROP TABLE IF EXISTS `center`;
/*!40101 SET @saved_cs_client     = @@character_set_client */;
/*!40101 SET character_set_client = utf8 */;
CREATE TABLE `center` (
  `center_id` int(11) NOT NULL AUTO_INCREMENT,
  `center_name` varchar(45) DEFAULT NULL,
  `center_com` int(11) DEFAULT NULL,
  `center_paperCash` double DEFAULT NULL,
  `center_loan` double DEFAULT NULL,
  `center_noCom` int(11) DEFAULT NULL,
  `center_lessCom` int(11) DEFAULT NULL,
  `center_exp` double DEFAULT NULL,
  `center_accountType` varchar(45) DEFAULT NULL,
  `center_status` varchar(45) DEFAULT NULL,
  `account_id` int(11) NOT NULL,
  PRIMARY KEY (`center_id`,`account_id`),
  KEY `fk_Center_Account1_idx` (`account_id`),
  CONSTRAINT `fk_Center_Account1` FOREIGN KEY (`account_id`) REFERENCES `account` (`account_id`) ON DELETE CASCADE ON UPDATE CASCADE
) ENGINE=InnoDB AUTO_INCREMENT=98 DEFAULT CHARSET=utf8;
/*!40101 SET character_set_client = @saved_cs_client */;

--
-- Dumping data for table `center`
--

LOCK TABLES `center` WRITE;
/*!40000 ALTER TABLE `center` DISABLE KEYS */;
INSERT INTO `center` VALUES (1,'H.HANDIYA',0,0,0,0,0,600,'Normal','Active',1),(2,'JAYANTHA',14,0,300,14,9,0,'Normal','Active',1),(3,'DINUMA',14,0,75,14,9,0,'Normal','Active',1),(4,'DISA',14,0,0,14,9,0,'Normal','Active',1),(5,'DGF',14,0,100,14,9,0,'Normal','Active',1),(6,'KADUWELA',21,0,1000,21,10,50,'Normal','Active',1),(7,'DINESH',0,0,0,0,0,700,'Normal','Active',1),(8,'NALAKA',18,0,0,18,9,0,'Normal','Active',1),(9,'SD',14,0,300,14,9,0,'Normal','Active',1),(10,'PERERA',14,0,100,14,9,0,'Normal','Active',1),(11,'RATHNA',0,0,0,0,0,700,'Normal','Active',1),(12,'US',18,0,250,18,10,0,'Normal','Active',1),(13,'WMC',18,0,0,18,9,0,'Normal','Active',1),(14,'SP',20,0,0,20,10,0,'Normal','Active',1),(15,'NSK',14,0,0,14,9,0,'Normal','Active',1),(16,'EMBC',22,0,300,22,15,0,'Normal','Active',1),(17,'KA',14,0,500,14,9,0,'Normal','Active',1),(18,'HEND',18,0,1500,18,10,0,'Normal','Active',1),(19,'NILMINI',22,0,100,22,15,0,'Normal','Active',1),(20,'LUCKY MO',0,0,100,0,0,800,'Normal','Active',1),(21,'ANTON',14,0,200,14,9,0,'Normal','Active',1),(22,'SUN',0,0,0,0,0,600,'Normal','Active',1),(23,'M KULIYA',0,0,0,0,0,500,'Normal','Active',1),(24,'HANWELLA',0,0,100,0,0,2150,'Normal','Active',1),(25,'KATUGAMPOLA',18,0,0,18,9,0,'Normal','Active',1),(26,'BUDDIKA 1',0,0,100,0,0,600,'Normal','Active',1),(27,'SP/ LIFE',0,0,100,0,0,600,'Normal','Active',1),(28,'JB GRANDPASS',0,0,200,0,0,800,'Normal','Active',1),(29,'MAKOLA',0,0,100,0,0,700,'Normal','Active',1),(30,'P THUDUWA',0,0,0,0,0,600,'Normal','Active',1),(31,'NEW ROAD',0,0,100,0,0,770,'Normal','Active',1),(32,'NP',0,0,0,0,0,600,'Normal','Active',1),(33,'WARAGODA',15,0,0,15,10,500,'Normal','Active',1),(34,'KELANIYA',0,0,0,0,0,500,'Normal','Active',1),(35,'SIRI',14,0,150,14,9,0,'Normal','Active',1),(36,'LUCKY BO',20,0,0,20,10,0,'Normal','Active',1),(37,'JSP',21,0,0,21,9,0,'Normal','Active',1),(38,'SANASA',0,0,100,0,0,1550,'Normal','Active',1),(39,'RANMAL',14,0,100,14,9,0,'Normal','Active',1),(40,'BUDDIKA 2',0,0,100,0,0,565,'Normal','Active',1),(41,'BUDDIKA 5',0,0,100,0,0,550,'Normal','Active',1),(42,'GAL BORELLA',0,0,0,0,0,800,'Normal','Active',1),(43,'GONAWALA',0,0,0,0,0,650,'Normal','Active',1),(44,'PALIYAGODA',0,0,100,0,0,550,'Normal','Active',1),(45,'KDK',15,0,100,15,9,0,'Normal','Active',1),(46,'DEENS ROAD',0,0,0,0,0,1800,'Normal','Active',1),(47,'AJITH',14,0,100,14,9,0,'Normal','Active',1),(48,'BEST HANWELLA',14,0,100,14,9,0,'Normal','Active',1),(49,'NEW VIKUM',14,0,300,14,9,30,'Normal','Active',1),(50,'PALLIYA WATHTHA',18,0,0,18,10,0,'Normal','Active',1),(51,'KERAVALAPITIYA',18,0,0,18,10,0,'Normal','Active',1),(52,'GEETHA',14,0,0,14,9,0,'Normal','Active',1),(53,'W J',14,0,200,14,9,0,'Normal','Active',1),(54,'7 MILE',20,0,1500,20,0,0,'Normal','Active',1),(55,'DASUN',14,0,0,14,9,0,'Normal','Active',1),(56,'ATHULA',18,0,0,18,10,0,'Normal','Active',1),(57,'MAHAWATHTHA',0,0,0,0,0,600,'Normal','Active',1),(58,'ASOKA',0,0,0,0,0,620,'Normal','Active',1),(59,'MG',14,0,300,14,9,0,'Normal','Active',1),(60,'LUXMAN',14,0,250,14,9,0,'Normal','Active',1),(61,'SIRASA',14,0,200,14,9,0,'Normal','Active',1),(62,'VIRAJ',14,0,0,14,9,0,'Normal','Active',1),(63,'RIZAN',18,0,0,18,10,0,'Normal','Active',1),(64,'AMILA',14,0,300,14,9,0,'Normal','Active',1),(65,'LUCKY',14,0,500,14,9,0,'Normal','Active',1),(66,'RUWAN',14,0,100,14,9,0,'Normal','Active',1),(67,'A/MAWATHA',0,0,0,0,0,600,'Normal','Active',1),(68,'KURANA',14,0,0,14,9,0,'Normal','Active',1),(69,'SENO D',14,0,300,14,9,0,'Normal','Active',1),(70,'NAYANA',14,0,100,14,9,0,'Normal','Active',1),(71,'RED SUN',14,100,300,14,9,0,'Normal','Active',1),(72,'LAL M',14,0,0,14,9,0,'Normal','Active',1),(73,'HARBOUR',0,0,0,0,0,850,'Normal','Active',1),(74,'E.WATIYA',0,0,0,0,0,670,'Normal','Active',1),(75,'LONDON',0,0,200,0,0,1030,'Normal','Active',1),(76,'N.HARBOUR',0,0,100,0,0,600,'Normal','Active',1),(77,'N.RANJITH',0,0,100,0,0,600,'Normal','Active',1),(78,'MODARA',0,0,100,0,0,600,'Normal','Active',1),(79,'MGR',0,0,100,0,0,600,'Normal','Active',1),(80,'GR/PASS',0,0,100,0,0,700,'Normal','Active',1),(81,'BORELLA',0,0,0,0,0,1145,'Normal','Active',1),(82,'BORELLA 3',0,0,0,0,0,1700,'Normal','Active',1),(83,'CAMP',14,0,0,14,9,0,'Normal','Active',1),(84,'MAZAH',0,0,100,0,0,830,'Normal','Active',1),(85,'MSA',14,0,0,14,9,0,'Normal','Active',1),(86,'RMS',14,0,1000,14,9,0,'Normal','Active',1),(87,'N.STAR',14,0,0,14,9,0,'Normal','Active',1),(88,'OSAKA',14,0,0,14,9,0,'Normal','Active',1),(89,'SASIKA',24,0,100,24,15,0,'Normal','Active',1),(90,'LORD',20,0,1000,20,10,0,'Normal','Active',1),(91,'VBC',14,0,700,14,9,0,'Normal','Active',1),(92,'M/PITIYA',14,0,100,14,9,0,'Normal','Active',1),(93,'SAUMYA',0,0,100,0,0,600,'Normal','Active',1),(94,'GEORGE',0,0,0,0,0,400,'Normal','Active',1),(95,'ROYAL',0,0,0,0,0,2500,'Normal','Active',1),(96,'WR',14,0,200,14,9,0,'Normal','Active',1),(97,'AA',14,0,300,14,9,0,'Normal','Active',1);
/*!40000 ALTER TABLE `center` ENABLE KEYS */;
UNLOCK TABLES;

--
-- Table structure for table `generalsummery`
--

DROP TABLE IF EXISTS `generalsummery`;
/*!40101 SET @saved_cs_client     = @@character_set_client */;
/*!40101 SET character_set_client = utf8 */;
CREATE TABLE `generalsummery` (
  `generalSummery_id` int(11) NOT NULL AUTO_INCREMENT,
  `generalSummery_date` date DEFAULT NULL,
  `generalSummery_name` varchar(45) DEFAULT NULL,
  `generalSummery_fc` double DEFAULT NULL,
  `generalSummery_cash` double DEFAULT NULL,
  `generalSummery_pd` double DEFAULT NULL,
  `generalSummery_noComAmmount` double DEFAULT NULL,
  `generalSummery_lessComAmmount` double DEFAULT NULL,
  `generalSummery_lcnc` double DEFAULT NULL,
  `generalSummery_paperCash` double DEFAULT NULL,
  `generalSummery_compay` double DEFAULT NULL,
  `generalSummery_expenses` double DEFAULT NULL,
  `generalSummery_paymentTot` double DEFAULT NULL,
  `generalSummery_loan` decimal(10,0) DEFAULT NULL,
  `generalSummery_excess` double DEFAULT NULL,
  `generalSummery_payment` double DEFAULT NULL,
  `account_id` int(11) NOT NULL,
  PRIMARY KEY (`generalSummery_id`,`account_id`),
  KEY `fk_GeneralSummery_Account1_idx` (`account_id`),
  CONSTRAINT `fk_GeneralSummery_Account1` FOREIGN KEY (`account_id`) REFERENCES `account` (`account_id`) ON DELETE CASCADE ON UPDATE CASCADE
) ENGINE=InnoDB DEFAULT CHARSET=utf8;
/*!40101 SET character_set_client = @saved_cs_client */;

--
-- Dumping data for table `generalsummery`
--

LOCK TABLES `generalsummery` WRITE;
/*!40000 ALTER TABLE `generalsummery` DISABLE KEYS */;
/*!40000 ALTER TABLE `generalsummery` ENABLE KEYS */;
UNLOCK TABLES;

--
-- Table structure for table `generalsummery_line`
--

DROP TABLE IF EXISTS `generalsummery_line`;
/*!40101 SET @saved_cs_client     = @@character_set_client */;
/*!40101 SET character_set_client = utf8 */;
CREATE TABLE `generalsummery_line` (
  `generalSummery_line_id` int(11) NOT NULL AUTO_INCREMENT,
  `generalSummery_line_centerName` varchar(45) DEFAULT NULL,
  `generalSummery_line_fc` double DEFAULT NULL,
  `generalSummery_line_payment` double DEFAULT NULL,
  `generalSummery_line_date` date DEFAULT NULL,
  `generalSummery_id` int(11) NOT NULL,
  PRIMARY KEY (`generalSummery_line_id`,`generalSummery_id`),
  KEY `fk_GeneralSummery_line_GeneralSummery1_idx` (`generalSummery_id`),
  CONSTRAINT `fk_GeneralSummery_line_GeneralSummery1` FOREIGN KEY (`generalSummery_id`) REFERENCES `generalsummery` (`generalSummery_id`) ON DELETE CASCADE ON UPDATE CASCADE
) ENGINE=InnoDB DEFAULT CHARSET=utf8;
/*!40101 SET character_set_client = @saved_cs_client */;

--
-- Dumping data for table `generalsummery_line`
--

LOCK TABLES `generalsummery_line` WRITE;
/*!40000 ALTER TABLE `generalsummery_line` DISABLE KEYS */;
/*!40000 ALTER TABLE `generalsummery_line` ENABLE KEYS */;
UNLOCK TABLES;

--
-- Table structure for table `remainingpacket`
--

DROP TABLE IF EXISTS `remainingpacket`;
/*!40101 SET @saved_cs_client     = @@character_set_client */;
/*!40101 SET character_set_client = utf8 */;
CREATE TABLE `remainingpacket` (
  `remainigpacket_id` int(11) NOT NULL AUTO_INCREMENT,
  `remainigpacket_centerid` varchar(50) DEFAULT '0',
  `remainigpacket_name` varchar(50) DEFAULT '0',
  `remainigpacket_date` varchar(50) DEFAULT '0',
  `remainigpacket_account` varchar(50) DEFAULT '0',
  PRIMARY KEY (`remainigpacket_id`)
) ENGINE=InnoDB DEFAULT CHARSET=utf8;
/*!40101 SET character_set_client = @saved_cs_client */;

--
-- Dumping data for table `remainingpacket`
--

LOCK TABLES `remainingpacket` WRITE;
/*!40000 ALTER TABLE `remainingpacket` DISABLE KEYS */;
/*!40000 ALTER TABLE `remainingpacket` ENABLE KEYS */;
UNLOCK TABLES;

--
-- Table structure for table `sheetdetails`
--

DROP TABLE IF EXISTS `sheetdetails`;
/*!40101 SET @saved_cs_client     = @@character_set_client */;
/*!40101 SET character_set_client = utf8 */;
CREATE TABLE `sheetdetails` (
  `sheetdetails_id` int(11) NOT NULL AUTO_INCREMENT,
  `sheetdetails_fullCollection` double DEFAULT NULL,
  `sheetdetails_cash` double DEFAULT NULL,
  `sheetdetails_excess` double DEFAULT NULL,
  `sheetdetails_pd` double DEFAULT NULL,
  `senter_id` int(11) NOT NULL,
  `sheetdetails_date` date DEFAULT NULL,
  PRIMARY KEY (`sheetdetails_id`,`senter_id`),
  KEY `fk_SheetDetails_Center1_idx` (`senter_id`),
  CONSTRAINT `fk_SheetDetails_Center1` FOREIGN KEY (`senter_id`) REFERENCES `center` (`center_id`) ON DELETE NO ACTION ON UPDATE NO ACTION
) ENGINE=InnoDB DEFAULT CHARSET=utf8;
/*!40101 SET character_set_client = @saved_cs_client */;

--
-- Dumping data for table `sheetdetails`
--

LOCK TABLES `sheetdetails` WRITE;
/*!40000 ALTER TABLE `sheetdetails` DISABLE KEYS */;
/*!40000 ALTER TABLE `sheetdetails` ENABLE KEYS */;
UNLOCK TABLES;

--
-- Table structure for table `summery`
--

DROP TABLE IF EXISTS `summery`;
/*!40101 SET @saved_cs_client     = @@character_set_client */;
/*!40101 SET character_set_client = utf8 */;
CREATE TABLE `summery` (
  `summery_id` int(11) NOT NULL AUTO_INCREMENT,
  `summery_date` date DEFAULT NULL,
  `summery_name` varchar(45) DEFAULT NULL,
  `summery_fc` double DEFAULT NULL,
  `summery_cash` double DEFAULT NULL,
  `summery_pd` double DEFAULT NULL,
  `summery_noComAmount` double DEFAULT NULL,
  `summery_lessComAmount` double DEFAULT NULL,
  `summery_lcnc` double DEFAULT NULL,
  `summery_paperCash` double DEFAULT NULL,
  `summery_compay` double DEFAULT NULL,
  `summery_expenses` double DEFAULT NULL,
  `summery_slippaytot` double DEFAULT NULL,
  `summery_loan` double DEFAULT NULL,
  `summery_excess` double DEFAULT NULL,
  `summery_salary` double DEFAULT NULL,
  `summery_payment` double DEFAULT NULL,
  `summery_due` double NOT NULL,
  `center_id` int(11) NOT NULL,
  PRIMARY KEY (`summery_id`,`center_id`),
  KEY `fk_Summery_Center1_idx` (`center_id`),
  CONSTRAINT `fk_Summery_Center1` FOREIGN KEY (`center_id`) REFERENCES `center` (`center_id`) ON DELETE CASCADE ON UPDATE CASCADE
) ENGINE=InnoDB AUTO_INCREMENT=33 DEFAULT CHARSET=utf8;
/*!40101 SET character_set_client = @saved_cs_client */;

--
-- Dumping data for table `summery`
--

LOCK TABLES `summery` WRITE;
/*!40000 ALTER TABLE `summery` DISABLE KEYS */;
INSERT INTO `summery` VALUES (1,'2017-03-09','DASUN',23125,20000,0,0,3600,324,0,3237.5,0,6243,0,0,0,6031.5,0,55),(2,'2017-03-09','ATHULA',37400,17000,10835,400,200,92,0,6732,0,4125,0,0,0,0,20470,56),(3,'2017-03-09','HARBOUR',9190,8300,0,0,0,0,0,0,850,3242,0,0,850,3202,0,73),(4,'2017-03-09','JSP',35896,20000,4446,0,0,0,0,7538.16,0,13386,0,200,0,782.16,0,37),(5,'2017-03-09','BORELLA',6335,3500,0,0,0,0,0,0,1145,1353,0,722,1145,385,0,81),(6,'2017-03-09','NEW ROAD',8003,6500,0,0,0,0,0,0,770,2017,100,0,770,1184,0,31),(7,'2017-03-09','HANWELLA',7925,6000,0,0,0,0,0,0,2150,541,100,0,2150,666,0,24),(8,'2017-03-09','ASOKA',8340,8000,0,0,0,0,0,0,620,9731,0,0,620,10011,0,58),(9,'2017-03-09','CAMP',16005,13800,0,0,0,0,0,2240.7,0,11206,0,0,0,11241.7,0,83),(10,'2017-03-09','NEW VIKUM',15845,8000,11524,0,0,0,0,2218.3,30,25210,300,600,30,8389.3,0,49),(11,'2017-03-09','SANASA',10650,5000,2611,0,0,0,0,0,1550,6742,100,60,1550,0,9,38),(12,'2017-03-09','BORELLA 3',10112,7000,0,0,0,0,0,0,1700,1677,0,0,1700,265,0,82),(13,'2017-03-09','MAHAWATHTHA',3600,3000,0,0,0,0,0,0,600,1770,0,0,600,1770,0,57),(14,'2017-03-09','VBC',19855,15000,16848,0,0,0,0,2779.7,0,17858,700,0,0,0,1765.3,91),(15,'2017-03-09','AJITH',2341,1500,0,0,0,0,0,327.74,0,578,100,0,0,0,35.26,47),(16,'2017-03-09','M/PITIYA',10835,7500,0,0,0,0,0,1516.9,0,9961,100,0,0,8042.9,0,92),(17,'2017-03-09','MODARA',12000,11400,0,0,0,0,0,0,600,3025,100,0,600,2925,0,78),(18,'2017-03-09','AA',15750,13500,0,0,0,0,0,2205,0,1634,300,0,0,1289,0,97),(19,'2017-03-09','WR',4950,3500,1128,0,0,0,0,693,0,1766,200,0,0,0,319,96),(20,'2017-03-09','SAUMYA',3430,1800,431,0,0,0,0,0,600,1794,100,0,600,233,0,93),(21,'2017-03-09','LORD',6620,5000,0,0,0,0,0,1324,0,796,1000,0,0,0,500,90),(22,'2017-03-09','LUCKY MO',10493,8000,0,0,0,0,0,0,800,1323,100,0,800,0,470,20),(23,'2017-03-09','LUCKY BO',7300,4500,0,0,0,0,0,1460,0,1623,0,0,0,283,0,36),(24,'2017-03-09','GR/PASS',1800,1800,0,0,0,0,0,0,700,334,100,0,700,934,0,80),(25,'2017-03-09','A/MAWATHA',9855,8950,0,0,0,0,0,0,600,4616,0,300,600,4611,0,67),(26,'2017-03-09','MGR',4355,3800,0,0,0,0,0,0,600,324,100,0,600,269,0,79),(27,'2017-03-09','JB GRANDPASS',5700,4600,0,0,0,0,0,0,800,3505,200,95,800,3100,0,28),(28,'2017-03-09','MAKOLA',9321,6500,0,0,0,0,0,0,700,3108,100,0,700,887,0,29),(29,'2017-03-09','OSAKA',18147,15260,0,0,0,0,0,2540.58,0,9534,0,0,0,9187.58,0,88),(30,'2017-03-09','DEENS ROAD',13520,10700,0,0,0,0,0,0,1800,7034,0,0,1800,6014,0,46),(31,'2017-03-09','N.RANJITH',4670,4060,0,0,0,0,0,0,600,1289,100,0,600,1179,0,77),(32,'2017-03-09','ROYAL',23990,21000,0,0,0,0,0,0,2500,14748,0,10,2500,14268,0,95);
/*!40000 ALTER TABLE `summery` ENABLE KEYS */;
UNLOCK TABLES;

--
-- Table structure for table `summery_line`
--

DROP TABLE IF EXISTS `summery_line`;
/*!40101 SET @saved_cs_client     = @@character_set_client */;
/*!40101 SET character_set_client = utf8 */;
CREATE TABLE `summery_line` (
  `summery_line_id` int(11) NOT NULL AUTO_INCREMENT,
  `summery_line_chitNumber` varchar(45) DEFAULT NULL,
  `summery_line_investment` double DEFAULT NULL,
  `summery_line_payment` double DEFAULT NULL,
  `summery_line_date` date DEFAULT NULL,
  `center_id` int(11) NOT NULL,
  PRIMARY KEY (`summery_line_id`,`center_id`),
  KEY `fk_Summery_line_Summery1_idx` (`center_id`),
  CONSTRAINT `fk_Summery_line_Summery1` FOREIGN KEY (`center_id`) REFERENCES `summery` (`center_id`) ON DELETE CASCADE ON UPDATE CASCADE
) ENGINE=InnoDB AUTO_INCREMENT=620 DEFAULT CHARSET=utf8;
/*!40101 SET character_set_client = @saved_cs_client */;

--
-- Dumping data for table `summery_line`
--

LOCK TABLES `summery_line` WRITE;
/*!40000 ALTER TABLE `summery_line` DISABLE KEYS */;
INSERT INTO `summery_line` VALUES (19,'935',170,103,'2017-03-09',55),(20,'934',500,90,'2017-03-09',55),(21,'666',7000,228,'2017-03-09',55),(22,'926',500,48,'2017-03-09',55),(23,'925',1000,90,'2017-03-09',55),(24,'922',520,737,'2017-03-09',55),(25,'921',1000,974,'2017-03-09',55),(26,'919',500,388,'2017-03-09',55),(27,'916',125,78,'2017-03-09',55),(28,'915',800,3417,'2017-03-09',55),(29,'937',500,90,'2017-03-09',55),(30,'741',3800,741,'2017-03-09',56),(31,'742',1900,1325,'2017-03-09',56),(32,'719',1700,200,'2017-03-09',56),(33,'654',2600,256,'2017-03-09',56),(34,'678',2700,1089,'2017-03-09',56),(35,'688',2500,143,'2017-03-09',56),(36,'749',1700,371,'2017-03-09',56),(37,'823',1800,380,'2017-03-09',73),(38,'825',200,98,'2017-03-09',73),(39,'826',150,40,'2017-03-09',73),(40,'828',500,726,'2017-03-09',73),(41,'819',350,1888,'2017-03-09',73),(42,'818',500,50,'2017-03-09',73),(43,'817',650,60,'2017-03-09',73),(96,'117',131,21,'2017-03-09',81),(97,'118',56,75,'2017-03-09',81),(98,'126',110,111,'2017-03-09',81),(99,'129',115,105,'2017-03-09',81),(100,'128',825,51,'2017-03-09',81),(101,'752',270,45,'2017-03-09',81),(102,'758',200,570,'2017-03-09',81),(103,'125',550,285,'2017-03-09',81),(104,'113',50,30,'2017-03-09',81),(105,'116',200,60,'2017-03-09',81),(106,'649',100,6,'2017-03-09',31),(107,'646',100,45,'2017-03-09',31),(108,'643',180,528,'2017-03-09',31),(109,'642',100,24,'2017-03-09',31),(110,'637',1000,494,'2017-03-09',31),(111,'629',250,233,'2017-03-09',31),(112,'621',500,214,'2017-03-09',31),(113,'618',170,90,'2017-03-09',31),(114,'617',100,133,'2017-03-09',31),(115,'625',140,50,'2017-03-09',31),(116,'648',130,200,'2017-03-09',31),(117,'540',125,1,'2017-03-09',24),(118,'516',420,171,'2017-03-09',24),(119,'517',260,29,'2017-03-09',24),(120,'520',115,3,'2017-03-09',24),(121,'527',100,25,'2017-03-09',24),(122,'534',290,133,'2017-03-09',24),(123,'528',80,26,'2017-03-09',24),(124,'538',675,42,'2017-03-09',24),(125,'537',75,30,'2017-03-09',24),(126,'539',80,26,'2017-03-09',24),(127,'542',150,55,'2017-03-09',24),(128,'248',700,7731,'2017-03-09',58),(129,'245',400,1062,'2017-03-09',58),(130,'241',310,557,'2017-03-09',58),(131,'253',350,24,'2017-03-09',58),(132,'254',350,24,'2017-03-09',58),(133,'237',220,5,'2017-03-09',58),(134,'246',800,166,'2017-03-09',58),(135,'249',2250,128,'2017-03-09',58),(136,'251',240,34,'2017-03-09',58),(157,'136',3500,11050,'2017-03-09',49),(158,'129',750,10779,'2017-03-09',49),(159,'143',125,107,'2017-03-09',49),(160,'154',600,584,'2017-03-09',49),(161,'157',600,812,'2017-03-09',49),(162,'152',230,1125,'2017-03-09',49),(163,'151',200,20,'2017-03-09',49),(164,'148',100,21,'2017-03-09',49),(165,'142',440,62,'2017-03-09',49),(166,'139',705,128,'2017-03-09',49),(167,'137',170,128,'2017-03-09',49),(168,'134',60,30,'2017-03-09',49),(169,'133',400,75,'2017-03-09',49),(170,'124',120,120,'2017-03-09',49),(171,'114',200,63,'2017-03-09',49),(172,'118',180,36,'2017-03-09',49),(173,'113',90,43,'2017-03-09',49),(174,'112',50,27,'2017-03-09',49),(175,'916',60,12,'2017-03-09',38),(176,'918',170,96,'2017-03-09',38),(177,'921',240,148,'2017-03-09',38),(178,'925',400,3050,'2017-03-09',38),(179,'931',90,24,'2017-03-09',38),(180,'934',220,72,'2017-03-09',38),(181,'936',125,166,'2017-03-09',38),(182,'937',125,65,'2017-03-09',38),(183,'945',550,45,'2017-03-09',38),(184,'948',200,557,'2017-03-09',38),(185,'957',200,210,'2017-03-09',38),(186,'952',600,400,'2017-03-09',38),(187,'912',350,400,'2017-03-09',38),(188,'911',110,1358,'2017-03-09',38),(189,'956',150,139,'2017-03-09',38),(190,'713',300,178,'2017-03-09',82),(191,'719',800,172,'2017-03-09',82),(192,'724',170,538,'2017-03-09',82),(193,'735',270,142,'2017-03-09',82),(194,'737',120,34,'2017-03-09',82),(195,'739',100,21,'2017-03-09',82),(196,'751',700,359,'2017-03-09',82),(197,'749',90,78,'2017-03-09',82),(198,'742',300,114,'2017-03-09',82),(199,'717',510,41,'2017-03-09',82),(200,'413',300,31,'2017-03-09',57),(201,'418',1000,628,'2017-03-09',57),(202,'425',50,1111,'2017-03-09',57),(203,'729',885,860,'2017-03-09',91),(204,'731',250,52,'2017-03-09',91),(205,'727',200,201,'2017-03-09',91),(206,'725',300,251,'2017-03-09',91),(207,'726',200,2399,'2017-03-09',91),(208,'724',140,128,'2017-03-09',91),(209,'723',400,36,'2017-03-09',91),(210,'722',700,432,'2017-03-09',91),(211,'721',500,288,'2017-03-09',91),(212,'716',200,1966,'2017-03-09',91),(213,'715',200,519,'2017-03-09',91),(214,'713',1000,828,'2017-03-09',91),(215,'754',500,3595,'2017-03-09',91),(216,'752',280,10,'2017-03-09',91),(217,'753',1300,1004,'2017-03-09',91),(218,'751',690,338,'2017-03-09',91),(219,'747',400,427,'2017-03-09',91),(220,'739',150,91,'2017-03-09',91),(221,'738',150,143,'2017-03-09',91),(222,'737',200,200,'2017-03-09',91),(223,'733',400,243,'2017-03-09',91),(224,'732',400,207,'2017-03-09',91),(225,'745',220,222,'2017-03-09',91),(226,'744',400,218,'2017-03-09',91),(227,'742',300,251,'2017-03-09',91),(228,'741',300,2949,'2017-03-09',91),(229,'363',50,10,'2017-03-09',47),(230,'355',90,22,'2017-03-09',47),(231,'354',150,58,'2017-03-09',47),(232,'353',70,45,'2017-03-09',47),(233,'344',250,90,'2017-03-09',47),(234,'744',21,24,'2017-03-09',47),(235,'344',40,36,'2017-03-09',47),(236,'343',40,14,'2017-03-09',47),(237,'342',90,45,'2017-03-09',47),(238,'337',170,133,'2017-03-09',47),(239,'338',170,50,'2017-03-09',47),(240,'335',200,10,'2017-03-09',47),(241,'351',220,41,'2017-03-09',47),(242,'322',2000,7138,'2017-03-09',92),(243,'332',135,90,'2017-03-09',92),(244,'331',140,84,'2017-03-09',92),(245,'333',70,99,'2017-03-09',92),(246,'334',70,99,'2017-03-09',92),(247,'335',180,220,'2017-03-09',92),(248,'337',100,29,'2017-03-09',92),(249,'325',70,99,'2017-03-09',92),(250,'326',70,591,'2017-03-09',92),(251,'327',150,1272,'2017-03-09',92),(252,'312',1000,78,'2017-03-09',92),(253,'313',120,144,'2017-03-09',92),(254,'314',120,18,'2017-03-09',92),(255,'719',2000,1995,'2017-03-09',78),(256,'736',200,20,'2017-03-09',78),(257,'742',340,29,'2017-03-09',78),(258,'743',240,114,'2017-03-09',78),(259,'744',270,22,'2017-03-09',78),(260,'745',30,44,'2017-03-09',78),(261,'746',250,460,'2017-03-09',78),(262,'747',260,45,'2017-03-09',78),(263,'726',150,20,'2017-03-09',78),(264,'727',120,77,'2017-03-09',78),(265,'729',275,97,'2017-03-09',78),(266,'721',100,97,'2017-03-09',78),(267,'711',130,5,'2017-03-09',78),(268,'555',220,80,'2017-03-09',97),(269,'311',120,59,'2017-03-09',97),(270,'318',120,108,'2017-03-09',97),(271,'313',155,54,'2017-03-09',97),(272,'314',50,50,'2017-03-09',97),(273,'317',130,10,'2017-03-09',97),(274,'329',200,20,'2017-03-09',97),(275,'333',150,300,'2017-03-09',97),(276,'332',275,75,'2017-03-09',97),(277,'337',300,25,'2017-03-09',97),(278,'338',205,60,'2017-03-09',97),(279,'339',50,20,'2017-03-09',97),(280,'342',300,30,'2017-03-09',97),(281,'344',50,58,'2017-03-09',97),(282,'343',50,58,'2017-03-09',97),(283,'348',300,10,'2017-03-09',97),(284,'355',200,216,'2017-03-09',97),(285,'357',120,17,'2017-03-09',97),(286,'363',50,29,'2017-03-09',97),(287,'364',500,52,'2017-03-09',97),(288,'366',200,137,'2017-03-09',97),(289,'368',150,166,'2017-03-09',97),(290,'229',65,29,'2017-03-09',96),(291,'233',150,1048,'2017-03-09',96),(292,'211',160,40,'2017-03-09',96),(293,'212',160,52,'2017-03-09',96),(294,'215',60,70,'2017-03-09',96),(295,'216',60,38,'2017-03-09',96),(296,'222',160,185,'2017-03-09',96),(297,'226',160,99,'2017-03-09',96),(298,'241',150,60,'2017-03-09',96),(299,'242',200,95,'2017-03-09',96),(300,'243',100,50,'2017-03-09',96),(301,'811',800,275,'2017-03-09',93),(302,'814',100,909,'2017-03-09',93),(303,'816',300,610,'2017-03-09',93),(304,'518',1300,490,'2017-03-09',90),(305,'517',1700,277,'2017-03-09',90),(306,'512',150,29,'2017-03-09',90),(307,'926',1260,237,'2017-03-09',20),(308,'944',200,97,'2017-03-09',20),(309,'924',250,30,'2017-03-09',20),(310,'927',100,90,'2017-03-09',20),(311,'921',58,7,'2017-03-09',20),(312,'914',100,113,'2017-03-09',20),(313,'913',140,104,'2017-03-09',20),(314,'911',400,82,'2017-03-09',20),(315,'948',350,533,'2017-03-09',20),(316,'946',160,20,'2017-03-09',20),(317,'936',100,10,'2017-03-09',20),(318,'815',150,159,'2017-03-09',36),(319,'817',1800,228,'2017-03-09',36),(320,'819',60,35,'2017-03-09',36),(321,'823',220,90,'2017-03-09',36),(322,'821',2000,1111,'2017-03-09',36),(323,'123',175,139,'2017-03-09',80),(324,'147',175,195,'2017-03-09',80),(325,'914',600,862,'2017-03-09',67),(326,'935',150,187,'2017-03-09',67),(327,'937',450,369,'2017-03-09',67),(328,'938',1200,665,'2017-03-09',67),(329,'939',1025,25,'2017-03-09',67),(330,'934',1110,462,'2017-03-09',67),(331,'936',750,352,'2017-03-09',67),(332,'933',120,80,'2017-03-09',67),(333,'924',30,122,'2017-03-09',67),(334,'922',90,428,'2017-03-09',67),(335,'918',100,67,'2017-03-09',67),(336,'916',100,67,'2017-03-09',67),(337,'912',600,264,'2017-03-09',67),(338,'911',130,599,'2017-03-09',67),(339,'941',100,67,'2017-03-09',67),(340,'842',200,214,'2017-03-09',79),(341,'851',100,110,'2017-03-09',79),(342,'148',50,1938,'2017-03-09',28),(343,'146',100,70,'2017-03-09',28),(344,'144',80,474,'2017-03-09',28),(345,'142',110,50,'2017-03-09',28),(346,'141',110,45,'2017-03-09',28),(347,'136',210,578,'2017-03-09',28),(348,'134',95,12,'2017-03-09',28),(349,'129',100,8,'2017-03-09',28),(350,'128',100,67,'2017-03-09',28),(351,'127',130,186,'2017-03-09',28),(352,'123',200,53,'2017-03-09',28),(353,'118',230,24,'2017-03-09',28),(354,'817',116,12,'2017-03-09',29),(355,'818',120,52,'2017-03-09',29),(356,'819',140,275,'2017-03-09',29),(357,'824',205,267,'2017-03-09',29),(358,'826',200,166,'2017-03-09',29),(359,'827',420,50,'2017-03-09',29),(360,'828',1100,370,'2017-03-09',29),(361,'316',1260,1875,'2017-03-09',29),(362,'835',150,10,'2017-03-09',29),(363,'777',160,10,'2017-03-09',29),(364,'836',110,21,'2017-03-09',29),(365,'977',50,292,'2017-03-09',88),(366,'936',200,775,'2017-03-09',88),(367,'962',100,114,'2017-03-09',88),(368,'954',520,556,'2017-03-09',88),(369,'955',250,569,'2017-03-09',88),(370,'946',150,207,'2017-03-09',88),(371,'913',550,145,'2017-03-09',88),(372,'917',440,60,'2017-03-09',88),(373,'918',1200,1924,'2017-03-09',88),(374,'919',600,1971,'2017-03-09',88),(375,'921',600,476,'2017-03-09',88),(376,'922',600,370,'2017-03-09',88),(377,'923',500,200,'2017-03-09',88),(378,'927',100,51,'2017-03-09',88),(379,'931',350,339,'2017-03-09',88),(380,'932',250,230,'2017-03-09',88),(381,'933',350,982,'2017-03-09',88),(382,'935',600,273,'2017-03-09',88),(383,'114',300,3345,'2017-03-09',46),(384,'135',1000,414,'2017-03-09',46),(385,'142',300,748,'2017-03-09',46),(386,'146',100,53,'2017-03-09',46),(387,'148',70,385,'2017-03-09',46),(388,'151',600,26,'2017-03-09',46),(389,'156',470,320,'2017-03-09',46),(390,'115',250,665,'2017-03-09',46),(391,'116',200,359,'2017-03-09',46),(392,'118',200,36,'2017-03-09',46),(393,'121',200,104,'2017-03-09',46),(394,'125',500,237,'2017-03-09',46),(395,'126',500,214,'2017-03-09',46),(396,'127',100,78,'2017-03-09',46),(397,'132',100,50,'2017-03-09',46),(450,'343',50,59,'2017-03-09',77),(451,'376',200,202,'2017-03-09',77),(452,'374',130,14,'2017-03-09',77),(453,'373',120,85,'2017-03-09',77),(454,'371',120,55,'2017-03-09',77),(455,'368',500,29,'2017-03-09',77),(456,'366',70,88,'2017-03-09',77),(457,'363',200,219,'2017-03-09',77),(458,'362',80,62,'2017-03-09',77),(459,'361',150,78,'2017-03-09',77),(460,'356',90,124,'2017-03-09',77),(461,'355',120,23,'2017-03-09',77),(462,'354',325,40,'2017-03-09',77),(463,'349',70,26,'2017-03-09',77),(464,'352',40,23,'2017-03-09',77),(465,'348',120,65,'2017-03-09',77),(466,'347',70,39,'2017-03-09',77),(467,'344',50,58,'2017-03-09',77),(468,'691',35,1607,'2017-03-09',95),(469,'681',140,646,'2017-03-09',95),(470,'688',115,323,'2017-03-09',95),(471,'692',300,969,'2017-03-09',95),(472,'693',850,3230,'2017-03-09',95),(473,'697',70,126,'2017-03-09',95),(474,'699',200,513,'2017-03-09',95),(475,'662',460,646,'2017-03-09',95),(476,'665',170,60,'2017-03-09',95),(477,'666',70,323,'2017-03-09',95),(478,'667',70,969,'2017-03-09',95),(479,'671',100,69,'2017-03-09',95),(480,'673',100,482,'2017-03-09',95),(481,'674',80,323,'2017-03-09',95),(482,'634',410,807,'2017-03-09',95),(483,'636',100,169,'2017-03-09',95),(484,'612',100,62,'2017-03-09',95),(485,'611',120,75,'2017-03-09',95),(486,'621',180,180,'2017-03-09',95),(487,'619',1010,547,'2017-03-09',95),(488,'632',190,81,'2017-03-09',95),(489,'631',50,24,'2017-03-09',95),(490,'627',665,99,'2017-03-09',95),(491,'624',405,969,'2017-03-09',95),(492,'659',900,114,'2017-03-09',95),(493,'643',135,323,'2017-03-09',95),(494,'641',40,43,'2017-03-09',95),(495,'638',150,969,'2017-03-09',95),(496,'842',4500,7763,'2017-03-09',83),(497,'855',70,60,'2017-03-09',83),(498,'858',70,87,'2017-03-09',83),(499,'861',300,44,'2017-03-09',83),(500,'884',100,108,'2017-03-09',83),(501,'889',500,66,'2017-03-09',83),(502,'844',375,149,'2017-03-09',83),(503,'849',200,322,'2017-03-09',83),(504,'851',100,126,'2017-03-09',83),(505,'853',950,66,'2017-03-09',83),(506,'859',60,133,'2017-03-09',83),(507,'862',70,52,'2017-03-09',83),(508,'868',1900,210,'2017-03-09',83),(509,'869',100,22,'2017-03-09',83),(510,'867',2000,420,'2017-03-09',83),(511,'875',120,22,'2017-03-09',83),(512,'882',100,22,'2017-03-09',83),(513,'86',100,72,'2017-03-09',83),(514,'887',100,22,'2017-03-09',83),(515,'845',75,1440,'2017-03-09',83),(568,'925',110,20,'2017-03-09',37),(569,'914',190,513,'2017-03-09',37),(570,'911',320,100,'2017-03-09',37),(571,'883',250,320,'2017-03-09',37),(572,'879',350,200,'2017-03-09',37),(573,'875',330,224,'2017-03-09',37),(574,'878',100,121,'2017-03-09',37),(575,'861',800,100,'2017-03-09',37),(576,'847',700,2873,'2017-03-09',37),(577,'642',90,14,'2017-03-09',37),(578,'841',1000,328,'2017-03-09',37),(579,'837',50,109,'2017-03-09',37),(580,'838',50,49,'2017-03-09',37),(581,'832',250,756,'2017-03-09',37),(582,'829',100,10,'2017-03-09',37),(583,'827',80,50,'2017-03-09',37),(584,'823',250,20,'2017-03-09',37),(585,'821',36,6,'2017-03-09',37),(586,'817',36,17,'2017-03-09',37),(587,'818',59,52,'2017-03-09',37),(588,'938',110,338,'2017-03-09',37),(589,'939',110,93,'2017-03-09',37),(590,'941',960,154,'2017-03-09',37),(591,'931',500,741,'2017-03-09',37),(592,'928',110,10,'2017-03-09',37),(593,'921',400,593,'2017-03-09',37),(594,'897',500,51,'2017-03-09',37),(595,'898',200,50,'2017-03-09',37),(596,'894',100,58,'2017-03-09',37),(597,'884',700,356,'2017-03-09',37),(598,'885',700,712,'2017-03-09',37),(599,'886',700,618,'2017-03-09',37),(600,'882',109,44,'2017-03-09',37),(601,'867',200,1223,'2017-03-09',37),(602,'876',60,10,'2017-03-09',37),(603,'872',400,166,'2017-03-09',37),(604,'864',190,30,'2017-03-09',37),(605,'865',200,10,'2017-03-09',37),(606,'843',70,8,'2017-03-09',37),(607,'849',150,14,'2017-03-09',37),(608,'859',150,313,'2017-03-09',37),(609,'811',52,29,'2017-03-09',37),(610,'814',49,1,'2017-03-09',37),(611,'815',51,1,'2017-03-09',37),(612,'836',100,15,'2017-03-09',37),(613,'858',3400,1130,'2017-03-09',37),(614,'812',250,10,'2017-03-09',37),(615,'951',240,46,'2017-03-09',37),(616,'947',75,124,'2017-03-09',37),(617,'929',1400,274,'2017-03-09',37),(618,'848',188,269,'2017-03-09',37),(619,'936',150,13,'2017-03-09',37);
/*!40000 ALTER TABLE `summery_line` ENABLE KEYS */;
UNLOCK TABLES;
/*!40103 SET TIME_ZONE=@OLD_TIME_ZONE */;

/*!40101 SET SQL_MODE=@OLD_SQL_MODE */;
/*!40014 SET FOREIGN_KEY_CHECKS=@OLD_FOREIGN_KEY_CHECKS */;
/*!40014 SET UNIQUE_CHECKS=@OLD_UNIQUE_CHECKS */;
/*!40101 SET CHARACTER_SET_CLIENT=@OLD_CHARACTER_SET_CLIENT */;
/*!40101 SET CHARACTER_SET_RESULTS=@OLD_CHARACTER_SET_RESULTS */;
/*!40101 SET COLLATION_CONNECTION=@OLD_COLLATION_CONNECTION */;
/*!40111 SET SQL_NOTES=@OLD_SQL_NOTES */;

-- Dump completed on 2017-03-09  4:20:47
